{"train_acc": 1.0, "_timestamp": 1654701798, "_runtime": 83, "_step": 79, "test_acc": 0.7201933404940923, "train_loss": 0.000723950332030654, "test_loss": 0.006040009204298258, "gradients/fully_connected.2.bias": {"_type": "histogram", "values": [1.0, 0.0, 0.0, 0.0, 0.0, 0.0, 0.0, 0.0, 0.0, 0.0, 0.0, 0.0, 0.0, 0.0, 0.0, 0.0, 0.0, 0.0, 0.0, 0.0, 0.0, 0.0, 0.0, 0.0, 0.0, 0.0, 0.0, 0.0, 0.0, 0.0, 0.0, 0.0, 0.0, 0.0, 0.0, 0.0, 0.0, 0.0, 0.0, 0.0, 0.0, 0.0, 0.0, 0.0, 0.0, 0.0, 0.0, 0.0, 0.0, 0.0, 0.0, 0.0, 0.0, 0.0, 0.0, 0.0, 0.0, 0.0, 0.0, 0.0, 0.0, 0.0, 0.0, 1.0], "bins": [-0.0008441942627541721, -0.0008178133284673095, -0.000791432335972786, -0.0007650514016859233, -0.0007386704091913998, -0.0007122894749045372, -0.0006859084824100137, -0.0006595275481231511, -0.0006331465556286275, -0.0006067656213417649, -0.0005803846288472414, -0.0005540036945603788, -0.0005276227020658553, -0.0005012417677789927, -0.00047486077528446913, -0.0004484798409976065, -0.00042209887760691345, -0.0003957179142162204, -0.0003693369508255273, -0.00034295598743483424, -0.0003165750240441412, -0.0002901940606534481, -0.0002638131263665855, -0.0002374321484239772, -0.00021105118503328413, -0.00018467022164259106, -0.000158289258251898, -0.00013190830941312015, -0.00010552733874646947, -7.914638263173401e-05, -5.2765419241040945e-05, -2.6384455850347877e-05, -3.4924596548080444e-09, 2.6377469112048857e-05, 5.275843068375252e-05, 7.913939043646678e-05, 0.00010552035382715985, 0.0001319013099418953, 0.00015828227333258837, 0.00018466323672328144, 0.0002110442001139745, 0.00023742516350466758, 0.0002638061123434454, 0.0002901870757341385, 0.00031656803912483156, 0.0003429490025155246, 0.0003693299659062177, 0.00039571092929691076, 0.00042209189268760383, 0.0004484728560782969, 0.00047485381946898997, 0.000501234782859683, 0.0005276157171465456, 0.0005539967096410692, 0.0005803776439279318, 0.0006067586364224553, 0.0006331395707093179, 0.0006595205049961805, 0.0006859014974907041, 0.0007122824317775667, 0.0007386634242720902, 0.0007650443585589528, 0.0007914253510534763, 0.0008178062853403389, 0.0008441872778348625]}, "gradients/fully_connected.2.weight": {"_type": "histogram", "values": [1.0, 0.0, 0.0, 0.0, 2.0, 2.0, 0.0, 0.0, 0.0, 3.0, 0.0, 3.0, 0.0, 2.0, 0.0, 0.0, 2.0, 4.0, 6.0, 11.0, 9.0, 7.0, 9.0, 5.0, 9.0, 6.0, 8.0, 8.0, 18.0, 17.0, 17.0, 46.0, 656.0, 17.0, 17.0, 18.0, 8.0, 8.0, 6.0, 9.0, 5.0, 9.0, 7.0, 9.0, 11.0, 6.0, 4.0, 2.0, 0.0, 0.0, 2.0, 0.0, 3.0, 0.0, 3.0, 0.0, 0.0, 0.0, 2.0, 2.0, 0.0, 0.0, 0.0, 1.0], "bins": [-0.010169794782996178, -0.009851990267634392, -0.009534185752272606, -0.009216380305588245, -0.00889857579022646, -0.008580771274864674, -0.008262966759502888, -0.007945162244141102, -0.007627357263118029, -0.007309552747756243, -0.0069917477667331696, -0.006673943251371384, -0.006356138736009598, -0.006038333754986525, -0.005720529239624739, -0.0054027242586016655, -0.00508491974323988, -0.004767115227878094, -0.0044493102468550205, -0.004131505731493235, -0.003813700983300805, -0.0034958962351083755, -0.0031780917197465897, -0.00286028697155416, -0.0025424822233617306, -0.002224677475169301, -0.0019068728433921933, -0.0015890682116150856, -0.001271263463422656, -0.0009534587152302265, -0.0006356540834531188, -0.0003178494516760111, -4.563480615615845e-08, 0.00031775905517861247, 0.0006355637451633811, 0.0009533684351481497, 0.0012711731251329184, 0.001588977873325348, 0.0019067825051024556, 0.0022245871368795633, 0.002542391885071993, 0.0028601966332644224, 0.003178001381456852, 0.003495805896818638, 0.0038136106450110674, 0.004131415393203497, 0.004449219908565283, 0.004767024889588356, 0.005084829404950142, 0.005402633920311928, 0.005720438901335001, 0.006038243416696787, 0.00635604839771986, 0.006673852913081646, 0.006991657428443432, 0.007309461943805218, 0.007627266924828291, 0.007945071905851364, 0.00826287642121315, 0.008580680936574936, 0.008898485451936722, 0.009216289967298508, 0.009534095413982868, 0.009851899929344654, 0.01016970444470644]}, "gradients/fully_connected.0.bias": {"_type": "histogram", "values": [1.0, 0.0, 0.0, 0.0, 2.0, 3.0, 2.0, 1.0, 3.0, 3.0, 1.0, 3.0, 2.0, 2.0, 1.0, 1.0, 3.0, 2.0, 1.0, 1.0, 3.0, 3.0, 5.0, 2.0, 8.0, 5.0, 3.0, 8.0, 5.0, 8.0, 11.0, 10.0, 353.0, 1.0, 2.0, 2.0, 3.0, 4.0, 0.0, 2.0, 3.0, 0.0, 3.0, 3.0, 3.0, 2.0, 1.0, 1.0, 0.0, 2.0, 1.0, 4.0, 1.0, 0.0, 0.0, 2.0, 0.0, 1.0, 1.0, 1.0, 0.0, 0.0, 0.0, 1.0], "bins": [-7.664629811188206e-05, -7.429513789247721e-05, -7.194398494902998e-05, -6.959282472962514e-05, -6.72416717861779e-05, -6.489051156677306e-05, -6.253935862332582e-05, -6.018819840392098e-05, -5.783704182249494e-05, -5.54858852410689e-05, -5.313472865964286e-05, -5.078357207821682e-05, -4.8432411858811975e-05, -4.608125891536474e-05, -4.3730098695959896e-05, -4.1378942114533857e-05, -3.902778553310782e-05, -3.667662895168178e-05, -3.432547237025574e-05, -3.19743157888297e-05, -2.9623157388414256e-05, -2.7272000806988217e-05, -2.4920842406572774e-05, -2.2569685825146735e-05, -2.0218529243720695e-05, -1.7867372662294656e-05, -1.5516216080868617e-05, -1.3165057680453174e-05, -1.0813901099027134e-05, -8.462744517601095e-06, -6.111587026680354e-06, -3.760429535759613e-06, -1.4092656783759594e-06, 9.418913577974308e-07, 3.293048393970821e-06, 5.644205430144211e-06, 7.995362466317602e-06, 1.034651904774364e-05, 1.2697676538664382e-05, 1.5048834029585123e-05, 1.7399990611011162e-05, 1.9751147192437202e-05, 2.210230377386324e-05, 2.4453462174278684e-05, 2.6804618755704723e-05, 2.9155775337130763e-05, 3.1506933737546206e-05, 3.3858090318972245e-05, 3.6209246900398284e-05, 3.8560403481824324e-05, 4.091156006325036e-05, 4.32627166446764e-05, 4.561387322610244e-05, 4.796503344550729e-05, 5.031619002693333e-05, 5.266734660835937e-05, 5.5018503189785406e-05, 5.7369659771211445e-05, 5.9720816352637485e-05, 6.207197293406352e-05, 6.442313315346837e-05, 6.67742860969156e-05, 6.912544631632045e-05, 7.14766065357253e-05, 7.382775947917253e-05]}, "gradients/fully_connected.0.weight": {"_type": "histogram", "values": [9.0, 23.0, 13.0, 12.0, 18.0, 50.0, 54.0, 79.0, 76.0, 129.0, 155.0, 135.0, 298.0, 419.0, 452.0, 835.0, 1508.0, 2090.0, 3135.0, 5009.0, 8059.0, 12135.0, 20055.0, 36998.0, 71435.0, 144524.0, 286412.0, 564437.0, 1119780.0, 2369222.0, 5950654.0, 109632488.0, 6090432.0, 2349395.0, 1124346.0, 585804.0, 319905.0, 169724.0, 88447.0, 45610.0, 23770.0, 14666.0, 9329.0, 6130.0, 4159.0, 2679.0, 1760.0, 1373.0, 853.0, 684.0, 606.0, 505.0, 338.0, 302.0, 297.0, 191.0, 112.0, 126.0, 88.0, 21.0, 8.0, 39.0, 1.0, 1.0],