{"train_acc": 1.0, "_timestamp": 1654701329, "_runtime": 122, "_step": 119, "test_acc": 0.7019334049409237, "train_loss": 5.770093048340641e-05, "test_loss": 1.0925542116165161, "gradients/fully_connected.2.bias": {"_type": "histogram", "values": [1.0, 0.0, 0.0, 0.0, 0.0, 0.0, 0.0, 0.0, 0.0, 0.0, 0.0, 0.0, 0.0, 0.0, 0.0, 0.0, 0.0, 0.0, 0.0, 0.0, 0.0, 0.0, 0.0, 0.0, 0.0, 0.0, 0.0, 0.0, 0.0, 0.0, 0.0, 0.0, 0.0, 0.0, 0.0, 0.0, 0.0, 0.0, 0.0, 0.0, 0.0, 0.0, 0.0, 0.0, 0.0, 0.0, 0.0, 0.0, 0.0, 0.0, 0.0, 0.0, 0.0, 0.0, 0.0, 0.0, 0.0, 0.0, 0.0, 0.0, 0.0, 0.0, 0.0, 1.0], "bins": [-6.040132575435564e-05, -5.851384048582986e-05, -5.662635885528289e-05, -5.473887358675711e-05, -5.2851391956210136e-05, -5.096390668768436e-05, -4.907642141915858e-05, -4.71889361506328e-05, -4.5301454520085827e-05, -4.341396925156005e-05, -4.1526487621013075e-05, -3.9639002352487296e-05, -3.775151708396152e-05, -3.5864035453414544e-05, -3.3976550184888765e-05, -3.208906855434179e-05, -3.0201583285816014e-05, -2.8314099836279638e-05, -2.6426616386743262e-05, -2.4539131118217483e-05, -2.2651647668681107e-05, -2.0764164219144732e-05, -1.8876678950618953e-05, -1.6989195501082577e-05, -1.5101712051546201e-05, -1.3214228602009825e-05, -1.1326744242978748e-05, -9.43925988394767e-06, -7.551776434411295e-06, -5.664292984874919e-06, -3.7768086258438416e-06, -1.8893242668127641e-06, -1.8444552551954985e-09, 1.885639449028531e-06, 3.7731233533122577e-06, 5.660607257595984e-06, 7.548091161879711e-06, 9.435574611416087e-06, 1.1323058970447164e-05, 1.3210543329478242e-05, 1.5098026779014617e-05, 1.6985510228550993e-05, 1.887299367808737e-05, 2.0760478946613148e-05, 2.2647962396149524e-05, 2.45354458456859e-05, 2.642293111421168e-05, 2.8310414563748054e-05, 3.019789801328443e-05, 3.208538328181021e-05, 3.397286491235718e-05, 3.586035018088296e-05, 3.774783544940874e-05, 3.963531707995571e-05, 4.152280234848149e-05, 4.341028397902846e-05, 4.529776924755424e-05, 4.718525451608002e-05, 4.9072736146626994e-05, 5.096022141515277e-05, 5.2847703045699745e-05, 5.4735188314225525e-05, 5.6622673582751304e-05, 5.851015885127708e-05, 6.0397640481824055e-05]}, "gradients/fully_connected.2.weight": {"_type": "histogram", "values": [1.0, 0.0, 0.0, 0.0, 0.0, 0.0, 1.0, 0.0, 1.0, 0.0, 1.0, 0.0, 1.0, 0.0, 0.0, 1.0, 0.0, 0.0, 1.0, 0.0, 0.0, 0.0, 0.0, 4.0, 2.0, 2.0, 0.0, 2.0, 0.0, 7.0, 4.0, 16.0, 928.0, 4.0, 7.0, 0.0, 2.0, 0.0, 2.0, 2.0, 4.0, 0.0, 0.0, 0.0, 0.0, 1.0, 0.0, 0.0, 1.0, 0.0, 0.0, 1.0, 0.0, 1.0, 0.0, 1.0, 0.0, 1.0, 0.0, 0.0, 0.0, 0.0, 0.0, 1.0], "bins": [-0.0032168857287615538, -0.003116361331194639, -0.0030158371664583683, -0.0029153127688914537, -0.002814788371324539, -0.0027142642065882683, -0.0026137398090213537, -0.002513215411454439, -0.0024126912467181683, -0.0023121668491512537, -0.002211642684414983, -0.0021111182868480682, -0.0020105941221117973, -0.0019100697245448828, -0.0018095453269779682, -0.0017090210458263755, -0.0016084967646747828, -0.00150797248352319, -0.0014074482023715973, -0.0013069238048046827, -0.00120639952365309, -0.0011058752425014973, -0.0010053508449345827, -0.00090482656378299, -0.0008043022826313972, -0.0007037780014798045, -0.0006032536621205509, -0.0005027293227612972, -0.0004022050416097045, -0.00030168076045811176, -0.00020115642109885812, -0.00010063208173960447, -1.0756775736808777e-07, 0.0001004167424980551, 0.0002009410527534783, 0.0003014653630089015, 0.00040198967326432467, 0.0005025139544159174, 0.000603038293775171, 0.0007035626331344247, 0.0008040869142860174, 0.0009046111954376101, 0.0010051354765892029, 0.0011056598741561174, 0.0012061841553077102, 0.001306708436459303, 0.0014072328340262175, 0.0015077571151778102, 0.001608281396329403, 0.0017088056774809957, 0.0018093299586325884, 0.001909854356199503, 0.002010378520935774, 0.0021109029185026884, 0.002211427316069603, 0.002311951480805874, 0.0024124758783727884, 0.002513000275939703, 0.002613524440675974, 0.0027140488382428885, 0.002814573235809803, 0.002915097400546074, 0.0030156217981129885, 0.003116146195679903, 0.003216670360416174]}, "gradients/fully_connected.0.bias": {"_type": "histogram", "values": [1.0, 0.0, 0.0, 0.0, 0.0, 0.0, 0.0, 1.0, 0.0, 0.0, 0.0, 1.0, 0.0, 0.0, 0.0, 1.0, 0.0, 0.0, 1.0, 0.0, 0.0, 0.0, 0.0, 2.0, 0.0, 0.0, 2.0, 0.0, 2.0, 0.0, 0.0, 0.0, 0.0, 0.0, 0.0, 2.0, 468.0, 4.0, 2.0, 2.0, 0.0, 1.0, 0.0, 0.0, 2.0, 1.0, 1.0, 0.0, 0.0, 0.0, 0.0, 0.0, 0.0, 0.0, 0.0, 0.0, 1.0, 1.0, 0.0, 1.0, 0.0, 0.0, 1.0, 2.0], "bins": [-8.582393093092833e-06, -8.35005812405143e-06, -8.117722245515324e-06, -7.88538727647392e-06, -7.653051397937816e-06, -7.420715974149061e-06, -7.188380550360307e-06, -6.956045581318904e-06, -6.7237097027827986e-06, -6.491374278994044e-06, -6.25903885520529e-06, -6.026703431416536e-06, -5.7943680076277815e-06, -5.562032583839027e-06, -5.329697160050273e-06, -5.0973621910088696e-06, -4.865026767220115e-06, -4.632691343431361e-06, -4.400355919642607e-06, -4.1680204958538525e-06, -3.935685072065098e-06, -3.703349648276344e-06, -3.471014451861265e-06, -3.238679028072511e-06, -3.0063436042837566e-06, -2.7740081804950023e-06, -2.541672756706248e-06, -2.309337560291169e-06, -2.077002136502415e-06, -1.844666599026823e-06, -1.6123312889249064e-06, -1.3799958651361521e-06, -1.147659986600047e-06, -9.153245628112927e-07, -6.829891958659573e-07, -4.506538289206219e-07, -2.1831840513186762e-07, 1.4017018656886648e-08, 2.463523287588032e-07, 4.786877525475575e-07, 7.110231763363117e-07, 9.43358600125066e-07, 1.1756940239138203e-06, 1.4080293340157368e-06, 1.640364757804491e-06, 1.8727001815932454e-06, 2.105035491695162e-06, 2.337370915483916e-06, 2.5697063392726704e-06, 2.8020417630614247e-06, 3.034377186850179e-06, 3.2667126106389333e-06, 3.4990480344276875e-06, 3.731383458216442e-06, 3.963718882005196e-06, 4.1960538510465994e-06, 4.428389729582705e-06, 4.660725153371459e-06, 4.893060577160213e-06, 5.125396000948967e-06, 5.357731424737722e-06, 5.590066848526476e-06, 5.82240227231523e-06, 6.054737241356634e-06, 6.287072665145388e-06]}, "gradients/fully_connected.0.weight": {"_type": "histogram", "values": [1.0, 3.0, 4.0, 5.0, 5.0, 11.0, 4.0, 21.0, 17.0, 37.0, 47.0, 87.0, 125.0, 129.0, 160.0, 244.0, 383.0, 487.0, 773.0, 1010.0, 1374.0, 1979.0, 2982.0, 4529.0, 7265.0, 13173.0, 26994.0, 61236.0, 136978.0, 289276.0, 656426.0, 126317880.0, 2404549.0, 619705.0, 279512.0, 123794.0, 54051.0, 27636.0, 14949.0, 8413.0, 5080.0, 3161.0, 2167.0, 1457.0, 1132.0, 855.0, 651.0, 360.0, 339.0, 226.0, 190.0, 109.0, 75.0, 52.0, 45.0, 21.0, 22.0, 11.0, 16.0, 10.0, 2.0, 2.0, 1.0, 1.0],