{"train_acc": 1.0, "_timestamp": 1654701974, "_runtime": 64, "_step": 59, "test_acc": 0.7110633727175081, "train_loss": 0.0039235372096300125, "test_loss": 0.4483162462711334, "gradients/fully_connected.2.bias": {"_type": "histogram", "values": [1.0, 0.0, 0.0, 0.0, 0.0, 0.0, 0.0, 0.0, 0.0, 0.0, 0.0, 0.0, 0.0, 0.0, 0.0, 0.0, 0.0, 0.0, 0.0, 0.0, 0.0, 0.0, 0.0, 0.0, 0.0, 0.0, 0.0, 0.0, 0.0, 0.0, 0.0, 0.0, 0.0, 0.0, 0.0, 0.0, 0.0, 0.0, 0.0, 0.0, 0.0, 0.0, 0.0, 0.0, 0.0, 0.0, 0.0, 0.0, 0.0, 0.0, 0.0, 0.0, 0.0, 0.0, 0.0, 0.0, 0.0, 0.0, 0.0, 0.0, 0.0, 0.0, 0.0, 1.0], "bins": [-0.0012501513119786978, -0.0012110845418646932, -0.0011720176553353667, -0.0011329508852213621, -0.0010938839986920357, -0.001054817228578031, -0.0010157504584640265, -0.0009766835719347, -0.0009376168018206954, -0.0008985499734990299, -0.0008594831451773643, -0.0008204163750633597, -0.0007813495467416942, -0.0007422827184200287, -0.0007032158900983632, -0.0006641490617766976, -0.0006250822334550321, -0.0005860154051333666, -0.0005469485768117011, -0.0005078817484900355, -0.0004688149783760309, -0.0004297481500543654, -0.00039068132173269987, -0.0003516145225148648, -0.0003125476941931993, -0.00027348086587153375, -0.00023441406665369868, -0.00019534723833203316, -0.00015628042456228286, -0.00011721361079253256, -7.814678247086704e-05, -3.907998325303197e-05, -1.3154931366443634e-08, 3.905366247636266e-05, 7.812047988409176e-05, 0.00011718730092979968, 0.00015625411469954997, 0.00019532092846930027, 0.0002343877567909658, 0.00027345455600880086, 0.0003125213843304664, 0.0003515882126521319, 0.000390655011869967, 0.0004297218401916325, 0.00046878866851329803, 0.0005078554386273026, 0.0005469223251566291, 0.0005859890952706337, 0.0006250559235922992, 0.0006641227519139647, 0.0007031895802356303, 0.0007422564085572958, 0.0007813231786713004, 0.0008203900069929659, 0.0008594568353146315, 0.0008985236054286361, 0.0009375904919579625, 0.0009766572620719671, 0.0010157241486012936, 0.0010547909187152982, 0.0010938578052446246, 0.0011329245753586292, 0.0011719914618879557, 0.0012110582320019603, 0.0012501250021159649]}, "gradients/fully_connected.2.weight": {"_type": "histogram", "values": [1.0, 0.0, 0.0, 0.0, 0.0, 0.0, 0.0, 0.0, 0.0, 0.0, 0.0, 0.0, 0.0, 0.0, 0.0, 0.0, 0.0, 1.0, 0.0, 0.0, 0.0, 1.0, 1.0, 1.0, 2.0, 0.0, 0.0, 13.0, 20.0, 18.0, 19.0, 53.0, 793.0, 19.0, 18.0, 20.0, 13.0, 0.0, 0.0, 2.0, 1.0, 1.0, 1.0, 0.0, 0.0, 0.0, 1.0, 0.0, 0.0, 0.0, 0.0, 0.0, 0.0, 0.0, 0.0, 0.0, 0.0, 0.0, 0.0, 0.0, 0.0, 0.0, 0.0, 1.0], "bins": [-0.04718436673283577, -0.04570985957980156, -0.04423535615205765, -0.04276084899902344, -0.04128634184598923, -0.03981183469295502, -0.038337331265211105, -0.036862824112176895, -0.03538832068443298, -0.03391381353139877, -0.03243931010365486, -0.03096480295062065, -0.02949029579758644, -0.02801579050719738, -0.02654128521680832, -0.02506677806377411, -0.0235922709107399, -0.022117765620350838, -0.020643258467316628, -0.019168753176927567, -0.017694246023893356, -0.016219740733504295, -0.014745235443115234, -0.013270729221403599, -0.011796222999691963, -0.010321716777980328, -0.008847210556268692, -0.007372705265879631, -0.0058981990441679955, -0.00442369282245636, -0.002949187532067299, -0.0014746813103556633, -1.7508864402770996e-07, 0.0014743309002369642, 0.002948836889117956, 0.0044233426451683044, 0.00589784886687994, 0.007372355088591576, 0.008846860378980637, 0.010321366600692272, 0.011795872822403908, 0.013270379044115543, 0.014744885265827179, 0.01621939055621624, 0.0176938958466053, 0.01916840299963951, 0.020642908290028572, 0.022117413580417633, 0.023591920733451843, 0.025066426023840904, 0.026540933176875114, 0.028015438467264175, 0.029489945620298386, 0.030964450910687447, 0.03243895620107651, 0.03391346335411072, 0.03538797050714493, 0.03686247766017914, 0.03833698108792305, 0.03981148824095726, 0.04128599539399147, 0.04276049882173538, 0.04423500597476959, 0.0457095131278038, 0.047184016555547714]}, "gradients/fully_connected.0.bias": {"_type": "histogram", "values": [1.0, 0.0, 0.0, 0.0, 0.0, 0.0, 0.0, 0.0, 0.0, 0.0, 0.0, 0.0, 0.0, 1.0, 0.0, 0.0, 0.0, 2.0, 1.0, 1.0, 2.0, 3.0, 2.0, 0.0, 2.0, 2.0, 1.0, 3.0, 5.0, 2.0, 3.0, 4.0, 5.0, 5.0, 9.0, 25.0, 394.0, 6.0, 2.0, 2.0, 2.0, 1.0, 2.0, 1.0, 1.0, 1.0, 2.0, 1.0, 0.0, 1.0, 0.0, 2.0, 1.0, 0.0, 0.0, 0.0, 0.0, 1.0, 0.0, 0.0, 0.0, 0.0, 0.0, 1.0], "bins": [-0.0001638837275095284, -0.00015935589908622205, -0.0001548280706629157, -0.00015030024223960936, -0.00014577241381630301, -0.00014124458539299667, -0.00013671675696969032, -0.00013218892854638398, -0.00012766110012307763, -0.00012313327169977129, -0.00011860544327646494, -0.00011407761485315859, -0.00010954978642985225, -0.0001050219580065459, -0.00010049412958323956, -9.596630115993321e-05, -9.143846546066925e-05, -8.69106370373629e-05, -8.238280861405656e-05, -7.785498019075021e-05, -7.332715176744387e-05, -6.879932334413752e-05, -6.427148764487356e-05, -5.974366285954602e-05, -5.5215834436239675e-05, -5.068800601293333e-05, -4.616017758962698e-05, -4.163234552834183e-05, -3.7104517105035484e-05, -3.257668868172914e-05, -2.8048860258422792e-05, -2.3521031835116446e-05, -1.89932034118101e-05, -1.4465374988503754e-05, -9.937545655702706e-06, -5.409716322901659e-06, -8.818878995953128e-07, 3.645940523711033e-06, 8.173770766006783e-06, 1.2701599189313129e-05, 1.7229427612619475e-05, 2.175725603592582e-05, 2.6285084459232166e-05, 3.081291652051732e-05, 3.5340744943823665e-05, 3.986857336713001e-05, 4.439640179043636e-05, 4.89242302137427e-05, 5.345205863704905e-05, 5.7979887060355395e-05, 6.250771548366174e-05, 6.703554390696809e-05, 7.156337233027443e-05, 7.609120075358078e-05, 8.061903645284474e-05, 8.514686487615108e-05, 8.967469329945743e-05, 9.420252172276378e-05, 9.873035014607012e-05, 0.00010325817856937647, 0.00010778600699268281, 0.00011231383541598916, 0.0001168416638392955, 0.00012136949226260185, 0.0001258973206859082]}, "gradients/fully_connected.0.weight": {"_type": "histogram", "values": [1.0, 0.0, 31.0, 15.0, 29.0, 41.0, 24.0, 61.0, 37.0, 56.0, 43.0, 34.0, 59.0, 51.0, 80.0, 214.0, 231.0, 268.0, 352.0, 572.0, 893.0, 1183.0, 1791.0, 3255.0, 4959.0, 8226.0, 12657.0, 23607.0, 46399.0, 95182.0, 184393.0, 359767.0, 778250.0, 1797132.0, 7259822.0, 117118880.0, 1853357.0, 764306.0, 365205.0, 190271.0, 93371.0, 47788.0, 25593.0, 14066.0, 7644.0, 4205.0, 2685.0, 1653.0, 1247.0, 799.0, 442.0, 265.0, 286.0, 234.0, 142.0, 148.0, 138.0, 126.0, 82.0, 35.0, 13.0, 8.0, 7.0, 12.0],