{"train_acc": 1.0, "_timestamp": 1654701691, "_runtime": 120, "_step": 119, "test_acc": 0.7099892588614393, "train_loss": 0.00013549250434152782, "test_loss": 2.1191909313201904, "gradients/fully_connected.2.bias": {"_type": "histogram", "values": [1.0, 0.0, 0.0, 0.0, 0.0, 0.0, 0.0, 0.0, 0.0, 0.0, 0.0, 0.0, 0.0, 0.0, 0.0, 0.0, 0.0, 0.0, 0.0, 0.0, 0.0, 0.0, 0.0, 0.0, 0.0, 0.0, 0.0, 0.0, 0.0, 0.0, 0.0, 0.0, 0.0, 0.0, 0.0, 0.0, 0.0, 0.0, 0.0, 0.0, 0.0, 0.0, 0.0, 0.0, 0.0, 0.0, 0.0, 0.0, 0.0, 0.0, 0.0, 0.0, 0.0, 0.0, 0.0, 0.0, 0.0, 0.0, 0.0, 0.0, 0.0, 0.0, 0.0, 1.0], "bins": [-3.719816595548764e-05, -3.6035908124176785e-05, -3.487365029286593e-05, -3.371139246155508e-05, -3.2549134630244225e-05, -3.138687679893337e-05, -3.022461896762252e-05, -2.9062361136311665e-05, -2.7900103305000812e-05, -2.673784547368996e-05, -2.5575587642379105e-05, -2.4413329811068252e-05, -2.32510719797574e-05, -2.2088814148446545e-05, -2.092655631713569e-05, -1.9764298485824838e-05, -1.860204247350339e-05, -1.7439784642192535e-05, -1.6277526810881682e-05, -1.5115268979570828e-05, -1.3953011148259975e-05, -1.2790753316949122e-05, -1.162849639513297e-05, -1.0466238563822117e-05, -9.303980732511263e-06, -8.14172290120041e-06, -6.979465069889557e-06, -5.817207693326054e-06, -4.654949862015201e-06, -3.4926920307043474e-06, -2.330434654140845e-06, -1.1681768228299916e-06, -5.918991519138217e-09, 1.1563387261048774e-06, 2.318596443728893e-06, 3.480854047666071e-06, 4.643111878976924e-06, 5.805369710287778e-06, 6.96762708685128e-06, 8.129884918162134e-06, 9.292142749472987e-06, 1.045440058078384e-05, 1.1616658412094694e-05, 1.2778915333910845e-05, 1.3941173165221699e-05, 1.5103430996532552e-05, 1.6265688827843405e-05, 1.742794665915426e-05, 1.8590204490465112e-05, 1.9752462321775965e-05, 2.091472015308682e-05, 2.2076977984397672e-05, 2.3239235815708525e-05, 2.440149364701938e-05, 2.556374965934083e-05, 2.6726007490651682e-05, 2.7888265321962535e-05, 2.905052315327339e-05, 3.0212780984584242e-05, 3.1375038815895095e-05, 3.253729664720595e-05, 3.36995544785168e-05, 3.4861812309827656e-05, 3.602407014113851e-05, 3.718632797244936e-05]}, "gradients/fully_connected.2.weight": {"_type": "histogram", "values": [1.0, 0.0, 0.0, 1.0, 1.0, 0.0, 1.0, 1.0, 3.0, 2.0, 1.0, 3.0, 1.0, 0.0, 2.0, 1.0, 0.0, 0.0, 1.0, 2.0, 6.0, 2.0, 4.0, 2.0, 4.0, 3.0, 3.0, 2.0, 11.0, 11.0, 9.0, 122.0, 722.0, 9.0, 11.0, 11.0, 2.0, 3.0, 3.0, 4.0, 2.0, 4.0, 2.0, 6.0, 2.0, 1.0, 0.0, 0.0, 1.0, 2.0, 0.0, 1.0, 3.0, 1.0, 2.0, 3.0, 1.0, 1.0, 0.0, 1.0, 1.0, 0.0, 0.0, 1.0], "bins": [-0.0006159670883789659, -0.0005967191536910832, -0.0005774712190032005, -0.000558223226107657, -0.0005389752914197743, -0.0005197273567318916, -0.0005004793638363481, -0.0004812314291484654, -0.00046198349446058273, -0.00044273555977270007, -0.00042348759598098695, -0.00040423963218927383, -0.00038499169750139117, -0.0003657437628135085, -0.0003464957990217954, -0.0003272478352300823, -0.0003079999005421996, -0.00028875196585431695, -0.00026950400206260383, -0.0002502560382708907, -0.00023100810358300805, -0.00021176015434321016, -0.00019251220510341227, -0.00017326425586361438, -0.0001540163066238165, -0.0001347683573840186, -0.00011552040814422071, -9.627245890442282e-05, -7.702450966462493e-05, -5.777656042482704e-05, -3.852861118502915e-05, -1.928066194523126e-05, -3.271270543336868e-08, 1.921523653436452e-05, 3.846318577416241e-05, 5.77111350139603e-05, 7.695908425375819e-05, 9.620703349355608e-05, 0.00011545498273335397, 0.00013470293197315186, 0.00015395088121294975, 0.00017319883045274764, 0.00019244677969254553, 0.00021169472893234342, 0.00023094267817214131, 0.000250190612860024, 0.0002694385766517371, 0.0002886865404434502, 0.0003079344751313329, 0.00032718240981921554, 0.00034643037361092865, 0.0003656783374026418, 0.00038492627209052444, 0.0004041742067784071, 0.0004234221705701202, 0.00044267013436183333, 0.000461918069049716, 0.00048116600373759866, 0.0005004139384254813, 0.0005196619313210249, 0.0005389098660089076, 0.0005581578006967902, 0.0005774057935923338, 0.0005966537282802165, 0.0006159016629680991]}, "gradients/fully_connected.0.bias": {"_type": "histogram", "values": [1.0, 0.0, 0.0, 0.0, 0.0, 1.0, 1.0, 0.0, 2.0, 1.0, 1.0, 2.0, 4.0, 2.0, 1.0, 2.0, 2.0, 2.0, 5.0, 3.0, 5.0, 5.0, 8.0, 9.0, 13.0, 403.0, 4.0, 1.0, 1.0, 2.0, 2.0, 3.0, 2.0, 1.0, 0.0, 3.0, 0.0, 1.0, 1.0, 0.0, 0.0, 1.0, 0.0, 0.0, 1.0, 0.0, 1.0, 1.0, 1.0, 0.0, 0.0, 0.0, 0.0, 0.0, 0.0, 0.0, 0.0, 0.0, 0.0, 0.0, 0.0, 0.0, 0.0, 1.0], "bins": [-3.873374225804582e-06, -3.71956321032485e-06, -3.565752422218793e-06, -3.411941634112736e-06, -3.258130618633004e-06, -3.1043196031532716e-06, -2.9505088150472147e-06, -2.796698026941158e-06, -2.6428870114614256e-06, -2.4890759959816933e-06, -2.3352652078756364e-06, -2.1814544197695795e-06, -2.0276434042898472e-06, -1.8738325024969527e-06, -1.720021600704058e-06, -1.5662106989111635e-06, -1.412399797118269e-06, -1.2585888953253743e-06, -1.1047779935324797e-06, -9.509670917395852e-07, -7.971561899466906e-07, -6.43345288153796e-07, -4.895343863609014e-07, -3.357234845680068e-07, -1.8191258277511224e-07, -2.8101680982217658e-08, 1.2570922081067692e-07, 2.795201226035715e-07, 4.333310243964661e-07, 5.871419261893607e-07, 7.409528279822553e-07, 8.947637297751498e-07, 1.0485741768206935e-06, 1.2023850786135881e-06, 1.3561959804064827e-06, 1.5100068821993773e-06, 1.6638177839922719e-06, 1.8176286857851665e-06, 1.971439587578061e-06, 2.125250375684118e-06, 2.27906139116385e-06, 2.4328724066435825e-06, 2.5866831947496394e-06, 2.7404939828556962e-06, 2.8943049983354285e-06, 3.048116013815161e-06, 3.2019268019212177e-06, 3.3557375900272746e-06, 3.509548605507007e-06, 3.663359620986739e-06, 3.817170181719121e-06, 3.970981197198853e-06, 4.124792212678585e-06, 4.2786032281583175e-06, 4.43241424363805e-06, 4.586224804370431e-06, 4.7400358198501635e-06, 4.893846835329896e-06, 5.047657396062277e-06, 5.2014684115420096e-06, 5.355279427021742e-06, 5.509090442501474e-06, 5.6629014579812065e-06, 5.816712018713588e-06, 5.97052303419332e-06]}, "gradients/fully_connected.0.weight": {"_type": "histogram", "values": [5.0, 7.0, 3.0, 5.0, 6.0, 5.0, 13.0, 17.0, 15.0, 11.0, 19.0, 24.0, 44.0, 55.0, 77.0, 83.0, 119.0, 160.0, 164.0, 233.0, 305.0, 404.0, 600.0, 867.0, 1179.0, 2145.0, 3520.0, 6235.0, 10078.0, 17904.0, 34708.0, 66298.0, 139085.0, 337162.0, 974466.0, 3951901.0, 120941312.0, 3174287.0, 863800.0, 310566.0, 123810.0, 54207.0, 25645.0, 13270.0, 7037.0, 4245.0, 2196.0, 1373.0, 937.0, 509.0, 468.0, 272.0, 176.0, 108.0, 81.0, 44.0, 35.0, 21.0, 12.0, 10.0, 9.0, 4.0, 2.0, 3.0],