{"train_acc": 0.9990229604298974, "_timestamp": 1654701145, "_runtime": 44, "_step": 39, "test_acc": 0.7062298603651987, "train_loss": 0.012186027131974697, "test_loss": 1.0643504858016968, "gradients/fully_connected.2.bias": {"_type": "histogram", "values": [1.0, 0.0, 0.0, 0.0, 0.0, 0.0, 0.0, 0.0, 0.0, 0.0, 0.0, 0.0, 0.0, 0.0, 0.0, 0.0, 0.0, 0.0, 0.0, 0.0, 0.0, 0.0, 0.0, 0.0, 0.0, 0.0, 0.0, 0.0, 0.0, 0.0, 0.0, 0.0, 0.0, 0.0, 0.0, 0.0, 0.0, 0.0, 0.0, 0.0, 0.0, 0.0, 0.0, 0.0, 0.0, 0.0, 0.0, 0.0, 0.0, 0.0, 0.0, 0.0, 0.0, 0.0, 0.0, 0.0, 0.0, 0.0, 0.0, 0.0, 0.0, 0.0, 0.0, 1.0], "bins": [-0.02247767709195614, -0.021775249391794205, -0.02107282355427742, -0.020370395854115486, -0.019667968153953552, -0.018965542316436768, -0.018263114616274834, -0.0175606869161129, -0.016858261078596115, -0.01615583337843418, -0.015453407540917397, -0.014750979840755463, -0.014048553071916103, -0.013346126303076744, -0.01264369860291481, -0.011941271834075451, -0.011238845065236092, -0.010536418296396732, -0.009833991527557373, -0.00913156382739544, -0.00842913705855608, -0.007726710289716721, -0.007024283055216074, -0.006321855820715427, -0.005619429051876068, -0.004917002283036709, -0.004214575048536062, -0.0035121480468660593, -0.0028097210451960564, -0.0021072940435260534, -0.0014048670418560505, -0.0007024398073554039, -1.1175870895385742e-08, 0.0007024158257991076, 0.0014048428274691105, 0.0021072698291391134, 0.0028096968308091164, 0.0035121238324791193, 0.004214550834149122, 0.004916978068649769, 0.005619404837489128, 0.006321831606328487, 0.007024258840829134, 0.007726686075329781, 0.00842911284416914, 0.0091315396130085, 0.009833967313170433, 0.010536394082009792, 0.011238820850849152, 0.011941247619688511, 0.01264367438852787, 0.013346102088689804, 0.014048528857529163, 0.014750955626368523, 0.015453383326530457, 0.01615580916404724, 0.016858236864209175, 0.01756066456437111, 0.018263090401887894, 0.018965518102049828, 0.01966794580221176, 0.020370371639728546, 0.02107279933989048, 0.021775227040052414, 0.0224776528775692]}, "gradients/fully_connected.2.weight": {"_type": "histogram", "values": [1.0, 0.0, 0.0, 0.0, 0.0, 0.0, 0.0, 0.0, 0.0, 0.0, 0.0, 0.0, 0.0, 0.0, 0.0, 0.0, 0.0, 0.0, 3.0, 2.0, 2.0, 1.0, 4.0, 2.0, 2.0, 7.0, 8.0, 7.0, 21.0, 7.0, 3.0, 26.0, 834.0, 3.0, 7.0, 21.0, 7.0, 8.0, 7.0, 2.0, 2.0, 4.0, 1.0, 2.0, 2.0, 3.0, 0.0, 0.0, 0.0, 0.0, 0.0, 0.0, 0.0, 0.0, 0.0, 0.0, 0.0, 0.0, 0.0, 0.0, 0.0, 0.0, 0.0, 1.0], "bins": [-0.6251109838485718, -0.6055762767791748, -0.5860415697097778, -0.5665068626403809, -0.5469721555709839, -0.5274373888969421, -0.5079026818275452, -0.4883679747581482, -0.4688332676887512, -0.44929856061935425, -0.4297638535499573, -0.4102291166782379, -0.39069440960884094, -0.37115970253944397, -0.3516249656677246, -0.33209025859832764, -0.31255555152893066, -0.2930208444595337, -0.2734861373901367, -0.25395140051841736, -0.23441669344902039, -0.2148819863796234, -0.19534726440906525, -0.17581254243850708, -0.1562778353691101, -0.13674312829971313, -0.11720840632915497, -0.0976736918091774, -0.07813897728919983, -0.05860426276922226, -0.03906954824924469, -0.019534826278686523, -5.960464477539063e-08, 0.019534654915332794, 0.039069369435310364, 0.05860408395528793, 0.0781387984752655, 0.09767351299524307, 0.11720822751522064, 0.1367429494857788, 0.15627765655517578, 0.17581236362457275, 0.19534708559513092, 0.2148818075656891, 0.23441651463508606, 0.25395122170448303, 0.2734859585762024, 0.29302066564559937, 0.31255537271499634, 0.3320900797843933, 0.3516247868537903, 0.37115952372550964, 0.3906942307949066, 0.4102289378643036, 0.42976367473602295, 0.4492983818054199, 0.4688330888748169, 0.48836779594421387, 0.5079025030136108, 0.5274372100830078, 0.5469719171524048, 0.5665066838264465, 0.5860413908958435, 0.6055760979652405, 0.6251108050346375]}, "gradients/fully_connected.0.bias": {"_type": "histogram", "values": [1.0, 0.0, 0.0, 0.0, 0.0, 0.0, 0.0, 0.0, 0.0, 0.0, 0.0, 0.0, 0.0, 1.0, 0.0, 0.0, 2.0, 0.0, 0.0, 3.0, 1.0, 2.0, 1.0, 1.0, 0.0, 1.0, 1.0, 2.0, 3.0, 3.0, 0.0, 3.0, 0.0, 3.0, 1.0, 1.0, 425.0, 2.0, 1.0, 8.0, 2.0, 3.0, 6.0, 3.0, 1.0, 5.0, 2.0, 1.0, 2.0, 3.0, 1.0, 1.0, 1.0, 1.0, 0.0, 0.0, 0.0, 0.0, 0.0, 0.0, 1.0, 0.0, 0.0, 1.0], "bins": [-0.00329559575766325, -0.003205100307241082, -0.003114605089649558, -0.0030241096392273903, -0.002933614421635866, -0.0028431189712136984, -0.0027526237536221743, -0.0026621283032000065, -0.0025716330856084824, -0.0024811376351863146, -0.0023906424175947905, -0.0023001469671726227, -0.0022096517495810986, -0.0021191562991589308, -0.0020286610815674067, -0.0019381656311452389, -0.001847670297138393, -0.001757174963131547, -0.001666679629124701, -0.001576184295117855, -0.0014856889611110091, -0.0013951936271041632, -0.0013046981766819954, -0.0012142029590904713, -0.0011237075086683035, -0.0010332121746614575, -0.0009427168406546116, -0.0008522215066477656, -0.0007617261726409197, -0.0006712308386340737, -0.0005807354464195669, -0.0004902401124127209, -0.0003997448366135359, -0.00030924950260668993, -0.00021875415404792875, -0.00012825880548916757, -3.776347148232162e-05, 5.273186252452433e-05, 0.00014322722563520074, 0.0002337225596420467, 0.00032421789364889264, 0.0004147132276557386, 0.0005052085616625845, 0.0005957039538770914, 0.0006861992878839374, 0.0007766946218907833, 0.0008671899558976293, 0.0009576852899044752, 0.0010481806239113212, 0.0011386759579181671, 0.001229171291925013, 0.001319666625931859, 0.001410161959938705, 0.001500657293945551, 0.0015911527443677187, 0.0016816479619592428, 0.0017721434123814106, 0.0018626387463882565, 0.0019531340803951025, 0.0020436295308172703, 0.0021341247484087944, 0.002224620198830962, 0.0023151154164224863, 0.002405610866844654, 0.002496106084436178]}, "gradients/fully_connected.0.weight": {"_type": "histogram", "values": [3.0, 9.0, 22.0, 19.0, 13.0, 28.0, 13.0, 7.0, 1.0, 2.0, 2.0, 0.0, 5.0, 21.0, 35.0, 33.0, 92.0, 164.0, 186.0, 303.0, 382.0, 459.0, 470.0, 835.0, 1414.0, 2456.0, 3953.0, 6531.0, 10956.0, 19978.0, 42607.0, 90876.0, 202431.0, 559809.0, 1657941.0, 6499890.0, 119139664.0, 1863165.0, 558364.0, 214479.0, 93310.0, 45648.0, 23463.0, 12554.0, 6571.0, 4137.0, 2922.0, 2164.0, 1391.0, 946.0, 714.0, 377.0, 205.0, 88.0, 54.0, 56.0, 52.0, 63.0, 103.0, 88.0, 78.0, 64.0, 14.0, 9.0], "bins": [-0.0005302472854964435, -0.0005155394901521504, -0.0005008316366001964, -0.00048612384125590324, -0.00047141601680777967, -0.0004567081923596561, -0.0004420003679115325, -0.00042729254346340895, -0.00041258474811911583, -0.00039787692367099226, -0.0003831690992228687, -0.00036846130387857556, -0.000353753479430452, -0.0003390456549823284, -0.00032433783053420484, -0.00030963000608608127, -0.0002949221816379577, -0.0002802143571898341, -0.00026550653274171054, -0.00025079870829358697, -0.00023609091294929385, -0.00022138308850117028, -0.0002066752640530467, -0.00019196743960492313, -0.00017725962970871478, -0.0001625518052605912, -0.00014784399536438286, -0.0001331361709162593, -0.00011842835374409333, -0.00010372053657192737, -8.90127121238038e-05, -7.430489495163783e-05, -5.9597077779471874e-05, -4.4889260607305914e-05, -3.0181439797161147e-05, -1.547361898701638e-05, -7.658018148504198e-07, 1.394201535731554e-05, 2.8649839805439115e-05, 4.3357656977605075e-05, 5.8065474149771035e-05, 7.2773291321937e-05, 8.748110849410295e-05, 0.00010218893294222653, 0.00011689675011439249, 0.00013160456728655845, 0.00014631239173468202, 0.00016102020163089037, 0.00017572802607901394, 0.00019043585052713752, 0.00020514366042334586, 0.00021985148487146944, 0.00023455929476767778, 0.00024926711921580136, 0.00026397494366392493, 0.0002786827681120485, 0.0002933905925601721, 0.00030809841700829566, 0.00032280624145641923, 0.00033751403680071235, 0.0003522218612488359, 0.0003669296856969595, 0.00038163751014508307, 0.00039634533459320664, 0.00041105312993749976]}, "gradients/convolutional.4.weight": {"_type": "histogram",